TenureCohort,customers,churn_rate,avg_monthly,revenue_at_risk
0-6 mo,676,0.3905325443786982,65.53723372781064,20267.08712340668
7-12 mo,541,0.3659889094269871,64.62968576709797,15477.46873658331
13-24 mo,1130,0.3584070796460177,65.94329203539823,31972.045255017383
25-48 mo,2341,0.28363947031183256,65.96621102093123,53009.089891015574
49-72 mo,2355,0.20636942675159237,64.8308152866242,39636.217346194506
