Contract,customers,churn_rate,avg_monthly
Month-to-month,3797,0.44745851988411905,65.54035554385041
One year,1766,0.13420158550396377,65.29107021517554
Two year,1480,0.05472972972972973,65.35571621621622
